{"data":{"episodeObj":"o{\"websiteTitle\":\"qq\",\"episodeList\":[],\"originVideoUrl\":\"v.qq.com\"}","init_window_url":"s","plugin_code":"s","plugin_pickup_time":"s","pull_website_time":"n1565854650107","pull_websites":"s{\"music_urls\":[{\"name\":\"组合线路一\",\"url\":\"http://music.sonimei.cn/?url=\"},{\"name\":\"组合线路二\",\"url\":\"http://tool.liumingye.cn/music/?type=qq&name=\"}],\"film_urls\":[{\"name\":\"组合线路一\",\"url\":\"http://www.guandianzhiku.com/v/s/?url=\"}]}"},"ts":1579499025361}