{"options":{"awareOfChrome":false,"check_for_updates":true,"comment":null,"compat_arrayleft":false,"compat_foreach":false,"compat_forvarin":false,"compat_metadata":false,"compat_uW_gmonkey":false,"compat_wrappedjsobject":false,"compatopts_for_requires":true,"noframes":null,"override":{"merge_connects":true,"merge_excludes":true,"merge_includes":true,"merge_matches":true,"orig_excludes":[],"orig_includes":[],"orig_matches":["https://*.bilibili.com/*"],"orig_noframes":null,"orig_run_at":"document-start","use_blockers":[],"use_connects":[],"use_excludes":[],"use_includes":[],"use_matches":[]},"run_at":null},"settings":{"enabled":true,"position":8},"meta":{"name":"哔哩哔哩（bilibili.com）简洁版","uuid":"c92cf36d-359e-4b22-93ed-de683fc1c0bf","modified":1563358409419,"file_url":"https://greasyfork.org/scripts/369893-%E5%93%94%E5%93%A9%E5%93%94%E5%93%A9-bilibili-com-%E7%AE%80%E6%B4%81%E7%89%88/code/%E5%93%94%E5%93%A9%E5%93%94%E5%93%A9%EF%BC%88bilibilicom%EF%BC%89%E7%AE%80%E6%B4%81%E7%89%88.user.js"}}