{"options":{"awareOfChrome":false,"check_for_updates":true,"comment":null,"compat_arrayleft":false,"compat_foreach":false,"compat_forvarin":false,"compat_metadata":false,"compat_uW_gmonkey":false,"compat_wrappedjsobject":false,"compatopts_for_requires":true,"noframes":null,"override":{"merge_connects":true,"merge_excludes":true,"merge_includes":true,"merge_matches":true,"orig_excludes":[],"orig_includes":[],"orig_matches":["https://weibo.com/*","https://www.weibo.com/*","https://d.weibo.com/*","https://s.weibo.com/*"],"orig_noframes":null,"orig_run_at":"document-idle","use_blockers":[],"use_connects":[],"use_excludes":[],"use_includes":[],"use_matches":[]},"run_at":null},"settings":{"enabled":false,"position":9},"meta":{"name":"微博 [ 图片 | 视频 ] 下载","uuid":"b0aac35e-1cb4-488d-ae96-110c8bbe3eda","modified":1563974933578,"file_url":"https://greasyfork.org/scripts/383402-%E5%BE%AE%E5%8D%9A-%E5%9B%BE%E7%89%87-%E8%A7%86%E9%A2%91-%E4%B8%8B%E8%BD%BD/code/%E5%BE%AE%E5%8D%9A%20%5B%20%E5%9B%BE%E7%89%87%20%7C%20%E8%A7%86%E9%A2%91%20%5D%20%E4%B8%8B%E8%BD%BD.user.js"}}