{"options":{"awareOfChrome":false,"check_for_updates":true,"comment":null,"compat_arrayleft":false,"compat_foreach":false,"compat_forvarin":false,"compat_metadata":false,"compat_uW_gmonkey":false,"compat_wrappedjsobject":false,"compatopts_for_requires":true,"noframes":null,"override":{"merge_connects":true,"merge_excludes":true,"merge_includes":true,"merge_matches":true,"orig_connects":["forestpolice.org"],"orig_excludes":[],"orig_includes":[],"orig_matches":["*://*.zhihuishu.com/*"],"orig_noframes":null,"orig_run_at":"document-end","use_blockers":[],"use_connects":[],"use_excludes":[],"use_includes":[],"use_matches":[]},"run_at":null},"settings":{"enabled":true,"position":12},"meta":{"name":"智慧树网课助手","uuid":"48f4769b-2e4c-4755-bba0-ec3d8dd374bd","modified":1576763570390,"file_url":"https://greasyfork.org/scripts/380506-%E6%99%BA%E6%85%A7%E6%A0%91%E7%BD%91%E8%AF%BE%E5%8A%A9%E6%89%8B/code/%E6%99%BA%E6%85%A7%E6%A0%91%E7%BD%91%E8%AF%BE%E5%8A%A9%E6%89%8B.user.js"}}