{"options":{"awareOfChrome":false,"check_for_updates":true,"comment":null,"compat_arrayleft":false,"compat_foreach":false,"compat_forvarin":false,"compat_metadata":false,"compat_uW_gmonkey":false,"compat_wrappedjsobject":false,"compatopts_for_requires":true,"noframes":null,"override":{"merge_connects":true,"merge_excludes":true,"merge_includes":true,"merge_matches":true,"orig_excludes":[],"orig_includes":[],"orig_matches":["*://pan.baidu.com/play/video*"],"orig_noframes":null,"orig_run_at":"document-idle","use_blockers":[],"use_connects":[],"use_excludes":[],"use_includes":[],"use_matches":[]},"run_at":null},"settings":{"enabled":true,"position":5},"meta":{"name":"百度网盘视频倍速","uuid":"4182afd2-c842-4079-9e98-6359c5ed32fa","modified":1562819755675,"file_url":"https://greasyfork.org/scripts/382594-%E7%99%BE%E5%BA%A6%E7%BD%91%E7%9B%98%E8%A7%86%E9%A2%91%E5%80%8D%E9%80%9F/code/%E7%99%BE%E5%BA%A6%E7%BD%91%E7%9B%98%E8%A7%86%E9%A2%91%E5%80%8D%E9%80%9F.user.js"}}