{"options":{"awareOfChrome":false,"check_for_updates":true,"comment":null,"compat_arrayleft":false,"compat_foreach":false,"compat_forvarin":false,"compat_metadata":false,"compat_uW_gmonkey":false,"compat_wrappedjsobject":false,"compatopts_for_requires":true,"noframes":null,"override":{"merge_connects":true,"merge_excludes":true,"merge_includes":true,"merge_matches":true,"orig_excludes":[],"orig_includes":["*"],"orig_matches":[],"orig_noframes":null,"orig_run_at":"document-idle","use_blockers":[],"use_connects":[],"use_excludes":[],"use_includes":[],"use_matches":[]},"run_at":null},"settings":{"enabled":false,"position":11},"meta":{"name":"谷歌访问助手首页跳转","uuid":"f57c2f9a-b191-4d42-bb7a-6f1ea3926482","modified":1565675924339,"file_url":"https://greasyfork.org/scripts/378270-%E8%B0%B7%E6%AD%8C%E8%AE%BF%E9%97%AE%E5%8A%A9%E6%89%8B%E9%A6%96%E9%A1%B5%E8%B7%B3%E8%BD%AC/code/%E8%B0%B7%E6%AD%8C%E8%AE%BF%E9%97%AE%E5%8A%A9%E6%89%8B%E9%A6%96%E9%A1%B5%E8%B7%B3%E8%BD%AC.user.js"}}